nom,type,statut,site,nb_sources
1 of 1 Funding,CFD / Forex,Fermée / signalée,"1of1funding.com, oneofonefunding.com",3
100X Club,CFD / Forex,Active,100x.club,2
10FOUR,CFD / Forex,Non vérifié,10four.com,3
18th Street Trading,CFD + Futures,Active,"18thstreettrading.com, trade18th.com",4
24funded,CFD / Forex,Non vérifié,,1
2funded,CFD / Forex,Non vérifié,,1
2Pips Fx,CFD / Forex,Fermée / signalée,2pipsfx.com,2
4PropTrader,Futures,Active,4proptrader.com,7
5P Investimentos (Cinco Por Cento),Futures,Active,5pinvestimentos.com.br,1
5RF,Non précisé,Fermée / signalée,5rf.com,2
8FigureTrader,Non précisé,Non vérifié,,1
Accelerated Prop Group,CFD / Forex,Fermée / signalée,acceleratedpropgroup.com,2
ADN Broker,Non précisé,Non vérifié,,1
Aeon Funded,CFD / Forex,Non vérifié,,2
AI Prop,CFD / Forex,Non vérifié,aiprop.com,2
AIFO,CFD / Forex,Non vérifié,,2
AIMTrader,Futures,Non vérifié,,1
Algo Forex Funds,CFD / Forex,Fermée / signalée,algoforexfunds.com,2
Algofuturestrader,Futures,Non vérifié,,1
Alpha Capital Group,CFD / Forex,Active,alphacapitalgroup.uk,16
Alpha Dog Funding,Non précisé,Fermée / signalée,alphadogfunding.com,1
Alpha Funded,CFD + Futures,Active,alphafunded.com,4
Alpha Futures,CFD + Futures,Active,alpha-futures.com,18
Alpha Prop Traders,CFD / Forex,Fermée / signalée,alphaproptraders.com,2
Alpha Trader,CFD / Forex,Non vérifié,alphatrader.com,1
Alpha Trader Firm,CFD + Futures,Active,alphatraderfirm.com,8
Alpha Trader Futures (Alpha Funded),Futures,Active,alphafunded.com,1
Alphachain,CFD / Forex,Fermée / signalée,,1
AlphaPropTrading,Futures,Non vérifié,,1
Alpicap,CFD / Forex,Fermée / signalée,alpicap.com,4
Alpine Funded,CFD / Forex,Active,alpinefunded.com,4
Amadeux,CFD / Forex,Non vérifié,,1
Apex Crypto,CFD / Forex,Non vérifié,,1
APEX Proprietary Fund,Non précisé,Non vérifié,,1
Apex Trader Funding,CFD + Futures,Active,apextraderfunding.com,21
Apex Trading Fund (ATF),CFD / Forex,Active,apextradingfund.com,1
Apteros,Futures,Active,,2
AqreFX,CFD / Forex,Fermée / signalée,aqrefx.com,2
AquaFunded,CFD + Futures,Active,aquafunded.com,14
AquaFunded Futures,Futures,Active,,1
AquaFutures,Futures,Active,aquafutures.io,12
Arctic Funding,CFD / Forex,Fermée / signalée,arcticfunding.com,3
Ascetic Capital,CFD / Forex,Fermée / signalée,asceticcapital.com,3
Astra Capital Funding,CFD / Forex,Fermée / signalée,astracapitalfunding.com,2
Astrofund,CFD + Futures,Active,"astrofund.com, astrofund.io",5
ATFunded,CFD / Forex,Fermée / signalée,atfunded.com,7
ATFX Prop,CFD / Forex,Active,atfx.com,1
Atlas Funded,CFD / Forex,Active,atlasfunded.com,9
Atlas Funded Futures,CFD + Futures,Active,atlasfunded.com,2
Atmos Funded,CFD / Forex,Active,atmosfunded.com,7
AtmosTraders,CFD / Forex,Non vérifié,atmostraders.com,2
Atom Educacional,Futures,Active,atomeducacional.com.br,1
Auctus Capital,Futures,Active,auctuscapital.com.br,1
Audacity Capital,CFD / Forex,Active,"audacity.capital, audacitycapital.co.uk",8
Audacity Instant,CFD / Forex,Non vérifié,,1
Aura funded,Non précisé,Fermée / signalée,,2
Averon Funded,Non précisé,Non vérifié,,1
Axe Trader,CFD / Forex,Fermée / signalée,axetrader.com,4
AxeStreetCapital,Futures,Active,,2
Axi Select,CFD / Forex,Active,axi.com,8
Axia Futures,Futures,Non vérifié,axiafutures.com,2
Axia Investing,Futures,Active,axiainvesting.com.br,1
Axis Funded,CFD / Forex,Non vérifié,,1
Banq Level Funding,Non précisé,Non vérifié,,1
BB Funded,Non précisé,Fermée / signalée,bbfunded.com,1
Be Funding,CFD / Forex,Fermée / signalée,"be-funding.com, befunding.com",3
BeliveProp,Futures,Active,,2
BEM Funding,CFD / Forex,Active,bemfunding.com,5
Bespoke Funding Program,CFD / Forex,Fermée / signalée,bespokefundingprogram.com,4
BestFundingTraders,Futures,Non vérifié,,1
BestProp4U,CFD + Futures,Active,"bestprop4u.com, bestprop4udashboard.propaccount.com",8
BFX Funding,CFD / Forex,Fermée / signalée,bfxfunding.com,3
Bharath Funded Trader,CFD / Forex,Active,bharathfundedtrader.com,1
Billions Club,CFD / Forex,Non vérifié,billionsclub.com,1
Bit Funded Trader,Non précisé,Fermée / signalée,bitfundedtrader.com,1
Bitfunded,CFD / Forex,Active,bitfunded.com,4
Black Eagle FG,CFD / Forex,Active,blackeaglefg.com,1
BlackWolf Trading,CFD / Forex,Fermée / signalée,blackwolftrading.com,1
Blink Funding,CFD / Forex,Active,blinkfunding.com,5
BloomFunded,CFD / Forex,Active,bloomfunded.com,2
Blue Guardian,CFD + Futures,Active,blueguardian.com,20
Blue Guardian Futures,Futures,Active,blueguardianfutures.com,9
Blueberry Funded,CFD / Forex,Active,blueberryfunded.com,14
Blueberry Futures,Futures,Active,blueberryfutures.com,11
Blueberry Markets,CFD / Forex,Active,blueberrymarkets.com,1
Bluenox (Bulenox),Non précisé,Active,bulenox.com,1
BluFX,CFD / Forex,Fermée / signalée,blufx.com,2
BluFx Crypto,CFD / Forex,Non vérifié,,1
BluSky,CFD + Futures,Active,"blusky.pro, blusky.trade",11
BluSky Trading Co,Futures,Active,blusky.pro,4
Boer Funded,CFD / Forex,Fermée / signalée,boerfunded.com,3
Bold Fund,CFD / Forex,Non vérifié,boldfund.com,1
Brasil Traders,Futures,Active,brasiltraders.com.br,1
Breakout,CFD + Futures,Active,"breakout.com, breakout.trade",7
Breakout Prop,CFD / Forex,Active,breakoutprop.com,2
Breakthrough Capital,CFD / Forex,Non vérifié,,2
Bridge Funded,CFD / Forex,Active,bridgefunded.com,3
BrightFunded,CFD / Forex,Active,brightfunded.com,18
Builtix,Futures,Non vérifié,,1
Bulenox,CFD + Futures,Active,bulenox.com,14
Bull Waves,CFD / Forex,Active,bullwaves.com,1
Bullo,Non précisé,Fermée / signalée,bullo.com,2
BullRush,CFD / Forex,Active,bullrush.com,4
Bulls Road Funding,Non précisé,Non vérifié,,1
Bullwaves Prime,CFD / Forex,Active,"bullwaves.com, bullwavesprime.com",7
Buoytrade,CFD / Forex,Non vérifié,buoytrade.com,3
Calvoro Funding,CFD / Forex,Non vérifié,,1
Canário Capital,Futures,Non vérifié,canariocapital.com.br,1
Capalantis,Non précisé,Non vérifié,,1
Capital Mint Markets,CFD / Forex,Active,capitalmintmarkets.com,5
Capital Trading Group,CFD / Forex,Non vérifié,capitaltradinggroup.com,1
Capitalize,CFD / Forex,Active,prop-capitalize.com,1
Carbon Investing,Futures,Active,carboninvesting.com.br,1
Carrot Funding,CFD / Forex,Active,carrotfunding.io,3
Cash Flow Funding,CFD / Forex,Fermée / signalée,cashflowfunding.io,3
Chainyx Funded,Non précisé,Non vérifié,,1
Challenge4Trading,CFD / Forex,Active,challenge4trading.com,2
ChessuFund,Futures,Non vérifié,,2
Chronos Funding,Futures,Active,chronosfunding.com,3
City Traders Imperium,CFD + Futures,Active,citytradersimperium.com,15
CK Capital,CFD / Forex,Active,"ckcapital.co.uk, ckcapital.com",4
Ck Funded,CFD / Forex,Fermée / signalée,,1
Clarity Traders,CFD / Forex,Active,claritytraders.com,4
Club Pro Traders,CFD / Forex,Fermée / signalée,clubprotraders.com,3
CM Capital Mesa,Futures,Non vérifié,cmcapital.com.br,1
CMC Markets Funded,CFD / Forex,Active,cmcmarkets.com,1
Coin Funded,CFD / Forex,Non vérifié,,1
CoinProp,CFD / Forex,Active,coinprop.com,1
Cointracts,CFD / Forex,Active,cointracts.com,2
Compact Funding,Non précisé,Non vérifié,,1
Connect Funds,Non précisé,Non vérifié,,1
Consummate Traders,CFD / Forex,Active,consummatetraders.com,2
Core Funded,CFD / Forex,Active,corefunded.com,2
Corp Equity Capital,CFD / Forex,Fermée / signalée,,1
Cove Funded,CFD / Forex,Fermée / signalée,covefunded.com,2
Crypto Fund Trader,CFD / Forex,Active,cryptofundtrader.com,15
Crypto Street,CFD / Forex,Fermée / signalée,crypto.st,1
CryptoPips,CFD / Forex,Non vérifié,,1
Custom Funding,CFD / Forex,Fermée / signalée,"custom-funding.com, customfunding.com",3
Cyber Funded,CFD / Forex,Active,cyberfunded.com,1
CypherTicks,Futures,Active,cypherticks.com,3
Darwinex Zero,CFD + Futures,Active,darwinexzero.com,9
Dayna Capital,Futures,Active,daynacapital.com.br,1
DayTraders,CFD + Futures,Active,daytraders.com,13
DayTradeTheWorld (DTTW),CFD / Forex,Non vérifié,,1
DB Investing,CFD / Forex,Active,dbinvesting.com,1
DDG,Futures,Non vérifié,,1
DDXprop,Non précisé,Non vérifié,,1
DeiFunded,CFD / Forex,Fermée / signalée,deifunded.com,3
Deluxe Trader Funding,Futures,Active,,1
DeluxeProductions,Futures,Non vérifié,,1
Desire to Trade,CFD / Forex,Fermée / signalée,"app.desiretotrade.com, desiretotrade.com",1
Digital Pit,CFD / Forex,Fermée / signalée,,1
Direct Funded Trader,CFD / Forex,Active,directfundedtrader.com,7
DNA Funded,CFD + Futures,Active,dnafunded.com,8
DND Capital,CFD / Forex,Non vérifié,dndcapital.com,1
Dojifunded,CFD / Forex,Non vérifié,,1
DojoTraders,CFD + Futures,Active,dojotraders.com,2
Dolvero,CFD / Forex,Non vérifié,,1
Dominion Funding,CFD / Forex,Active,"dominionfunding.com, dominionfunding.trade",4
DouroCapital,Futures,Active,,2
Dream Ticks,CFD + Futures,Fermée / signalée,dreamticks.com,2
Dream Trading,Non précisé,Non vérifié,,1
Drift Fund,Non précisé,Non vérifié,,1
DT4X,CFD / Forex,Fermée / signalée,,2
Dynascalp,CFD / Forex,Fermée / signalée,,1
E8 Futures,Futures,Active,e8markets.com,7
E8 Markets,CFD + Futures,Active,"e8funding.com, e8markets.com",30
E8 Perpetuals,CFD / Forex,Active,,1
Earn2Trade,CFD + Futures,Active,earn2trade.com,16
Eden Funding,Non précisé,Non vérifié,,1
EdgeProp,CFD + Futures,Active,"edgeprop.com, edgeproptrading.com",3
Edmond Trader Funding,Futures,Active,,3
Eightcap Challenges,CFD / Forex,Active,eightcap.com,5
Eleonex,CFD / Forex,Active,eleonex.com,1
Elite Funding Prop,CFD / Forex,Fermée / signalée,elitefundingprop.com,3
Elite Mind Funded,Non précisé,Non vérifié,,1
Elite Trader Funding,CFD + Futures,Active,"elitetraderfunding.app, elitetraderfunding.com",19
Elite Traders Capital,Non précisé,Fermée / signalée,elitetraderscapital.com,1
Elites Funding,CFD / Forex,Fermée / signalée,elitesfunding.com,6
Elysium Forex,CFD / Forex,Active,elysiumforex.com,1
EmergeProfit,CFD + Futures,Active,emergeprofit.com,7
Emporos Capital,Futures,Non vérifié,emporoscapital.com,1
Equity Edge,CFD / Forex,Active,"equityedge.com, equityedge.io",7
ETX Funding,CFD / Forex,Fermée / signalée,etxfunding.com,2
Euroinvest,Futures,Active,euroinvest.com.br,1
Evalu8trading,Futures,Non vérifié,evalu8trading.com,1
EverBlue Trader,CFD / Forex,Non vérifié,everbluetrader.com,1
Evercrest Funding,CFD / Forex,Active,evercrestfunding.com,6
EverFunded,CFD / Forex,Active,everfunded.com,2
EverTrader,CFD / Forex,Active,evertrader.com,7
Exclusive Funded Programme,CFD / Forex,Active,exclusivemarkets.com,1
Exclusive Markets Prop,CFD / Forex,Active,exclusivemarkets.com,1
ExFunded,CFD / Forex,Non vérifié,expressfunded.com,1
Express Funded,CFD / Forex,Fermée / signalée,expressfunded.com,2
EZL Prop Firm,Non précisé,Non vérifié,,1
Falcon Funded,CFD / Forex,Active,falconfunded.com,2
Fast Forex Funding,CFD / Forex,Fermée / signalée,fastforexfunding.com,2
Fast Forex Funds,CFD / Forex,Non vérifié,,1
Fast Road to Funding,Futures,Non vérifié,fastroadtofunding.com,1
Fast Track Trading,Futures,Fermée / signalée,fasttracktrading.net,4
Fidelcrest,CFD / Forex,Fermée / signalée,"fidelcrest.com, prop-firms.com",8
Fill88,CFD / Forex,Active,fill88.com,3
Fimathe PROP,Non précisé,Fermée / signalée,fimatheprop.com,1
FinanciaFutures,Futures,Active,,2
Finotive Funding,CFD + Futures,Active,finotivefunding.com,11
Finotive Futures,Futures,Active,finotivefutures.com,8
FinProp Funding,CFD / Forex,Fermée / signalée,finpropfunding.com,2
Fintokei,CFD / Forex,Active,fintokei.com,11
Firewood Funded,CFD / Forex,Active,firewoodfunded.com,2
Firmify,Non précisé,Non vérifié,,1
Firmity Funding,Non précisé,Non vérifié,,1
First Class Forex Funds,CFD / Forex,Fermée / signalée,"firstclassforexfunds.co, firstclassforexfunds.com",3
Flagship Funded,CFD / Forex,Active,flagshipfunded.com,3
FlexyTrade,Non précisé,Non vérifié,,1
Flod Trading,Futures,Active,flodtrading.com.br,1
FlowingFunded,Non précisé,Non vérifié,,1
Fms Traders,CFD / Forex,Fermée / signalée,,1
FNC Funding,CFD / Forex,Active,fncfunding.com,5
Fondeo,CFD / Forex,Non vérifié,,1
For Traders,CFD / Forex,Active,fortraders.com,13
For Traders Crypto,CFD / Forex,Active,,1
For Traders Futures,CFD + Futures,Active,fortraders.com,3
Forex Capital Funds,CFD / Forex,Fermée / signalée,forexcapitalfunds.com,3
Forex Funded Challenge,CFD / Forex,Fermée / signalée,forexfundedchallenge.com,1
Forex Funds Flow,CFD / Forex,Active,forexfundsflow.com,4
Forex Prop Firm,CFD / Forex,Fermée / signalée,"forexpropfirm.com, home.forexpropfirm.com",2
FOREXIVE,CFD / Forex,Active,forexive.com,3
FORFX,CFD / Forex,Contesté,forfx.com,5
Forge of Traders,CFD / Forex,Non vérifié,,1
FortezzaTrading,Futures,Non vérifié,,1
FortressCapital Markets,Futures,Non vérifié,,1
Fortuna Trader,CFD / Forex,Fermée / signalée,"fortunatrader.com, fortunatraders.com",3
Fortunes Funding,CFD / Forex,Non vérifié,,2
Foti Markets,CFD / Forex,Non vérifié,fotimarkets.com,1
Foxx Funded,CFD / Forex,Non vérifié,,3
FPFX,CFD / Forex,Active,fpfx.tech,1
FT9JA,CFD / Forex,Active,ft9ja.com,4
FTMO,CFD + Futures,Active,ftmo.com,25
FTMO Crypto,CFD / Forex,Active,ftmo.com,1
FTMO Futures,Futures,Active,ftmo.com,6
FTMO US,CFD + Futures,Active,ftmo.com,2
FTUK,CFD / Forex,Active,ftuk.com,9
FTUK Futures,Futures,Active,ftuk.com,2
Fund Hance,CFD / Forex,Fermée / signalée,fundhance.co.uk,1
Fund Your Trading,CFD / Forex,Non vérifié,fundyourtrading.com,1
Fund4Trades,CFD / Forex,Fermée / signalée,fund4trades.com,3
Funded Academy,CFD / Forex,Fermée / signalée,fundedacademy.com,4
Funded By Earnex,CFD / Forex,Fermée / signalée,"earnex.com, earnexprime.com",2
Funded By Traders,CFD / Forex,Fermée / signalée,fundedbytraders.com,3
Funded Daily,CFD / Forex,Non vérifié,,1
Funded Engineer,CFD / Forex,Fermée / signalée,fundedengineer.com,5
Funded Firm,CFD / Forex,Contesté,fundedfirm.com,6
Funded Forex,CFD / Forex,Fermée / signalée,fundedforex.com,1
Funded Friday,CFD / Forex,Active,fundedfriday.com,2
Funded Friends,CFD / Forex,Fermée / signalée,fundedfriends.com,4
Funded Futures Family,Futures,Active,fundedfuturesfamily.com,16
Funded Futures Network,Futures,Active,fundedfuturesnetwork.com,12
Funded Global,CFD / Forex,Fermée / signalée,"funded.global, fundedglobal.com",3
Funded Guru,CFD / Forex,Non vérifié,,2
Funded Index,CFD / Forex,Active,fundedindex.com,1
Funded Knight,CFD / Forex,Active,fundedknight.com,1
Funded Lake,CFD / Forex,Fermée / signalée,fundedlake.com,1
Funded Millionaires,CFD / Forex,Fermée / signalée,fundedmillionaires.com,2
Funded Mission,CFD / Forex,Active,fundedmission.com,2
Funded Nation,Non précisé,Active,fundednation.com,2
Funded Prime,CFD / Forex,Fermée / signalée,fundedprime.com,3
Funded Pro Trader,CFD / Forex,Active,fundedprotrader.com,3
Funded Profit,CFD / Forex,Active,fundedprofit.com,2
Funded Prop BX,Non précisé,Non vérifié,,1
Funded Roll,CFD / Forex,Active,fundedroll.com,1
Funded Squad,CFD / Forex,Active,fundedsquad.com,4
Funded Trader Markets,CFD / Forex,Active,fundedtradermarkets.com,8
Funded Trader Network,Non précisé,Fermée / signalée,fundedtradernetwork.com,1
Funded Traders Global,CFD / Forex,Fermée / signalée,fundedtradersglobal.com,5
Funded Trading Plus,CFD + Futures,Active,fundedtradingplus.com,23
Funded X,CFD / Forex,Active,"fundedx.co, fundedx.com",5
Funded7,CFD / Forex,Active,funded7.com,7
Fundedbit,CFD / Forex,Active,fundedbit.com,3
FundedBits,CFD / Forex,Fermée / signalée,fundedbits.com,1
FundedBull,CFD / Forex,Fermée / signalée,fundedbull.com,3
FundedCobra,CFD / Forex,Non vérifié,,1
FundedCore,Non précisé,Fermée / signalée,fundedcore.uk,1
FundedElite,CFD / Forex,Active,fundedelite.com,8
FundedFast,CFD / Forex,Active,fundedfast.com,5
FundedForge,Non précisé,Non vérifié,,1
FundedFun,CFD / Forex,Active,fundedfun.com,2
FundedFuturez,Futures,Non vérifié,,1
FundedFy,CFD / Forex,Fermée / signalée,fundedfy.com,2
FundedHero,CFD / Forex,Fermée / signalée,google.com,1
FundedHero Futures,Futures,Active,fundedherofutures.com,3
FundedHive,CFD / Forex,Active,fundedhive.com,5
Fundedlions,CFD / Forex,Fermée / signalée,fundedlions.com,3
FundedNext,CFD + Futures,Active,fundednext.com,26
FundedNext Crypto,CFD / Forex,Active,fundednext.com,2
FundedNext Futures,Futures,Active,fundednext.com,14
FundedNext Stocks,CFD / Forex,Active,,1
FundedPeaks,CFD / Forex,Fermée / signalée,fundedpeaks.com,3
FundedPro,CFD / Forex,Non vérifié,,1
FundedSeat,CFD + Futures,Active,"fundedseat.com, fundedseat.link",9
Fundedsharks,Non précisé,Non vérifié,,1
FundedStock,CFD / Forex,Active,fundedstock.io,1
FundedTigers,Non précisé,Non vérifié,,1
Fundedtop,CFD / Forex,Contesté,fundedtop.com,2
FundedVerse,CFD / Forex,Non vérifié,,1
FundedWealth,CFD / Forex,Active,fundedwealth.com,1
Funder,CFD / Forex,Active,funder.com,1
Funder Trading,CFD + Futures,Active,fundertrading.com,2
Funderblu,CFD / Forex,Non vérifié,,1
FunderPro,CFD / Forex,Active,"funderpro.com, funderpro.cxclick.com",14
FunderPro Futures,Futures,Active,"funderpro.com, funderprofutures.com",11
Fundex FX,CFD / Forex,Non vérifié,,2
Fundex24,Non précisé,Non vérifié,,1
Funding Dynasty,CFD / Forex,Active,fundingdynasty.com,2
Funding Frontier,CFD / Forex,Active,fundingfrontier.com,3
Funding Funds,CFD / Forex,Fermée / signalée,"fundingfunds.com, fundings.fund",2
Funding Pairs,Non précisé,Non vérifié,,1
Funding Pips,CFD / Forex,Active,fundingpips.com,20
Funding Predicts,CFD + Futures,Active,fundingpredicts.com,2
Funding Talent,CFD / Forex,Fermée / signalée,,1
Funding Traders,CFD / Forex,Active,fundingtraders.com,8
Funding Your Trades,CFD / Forex,Active,fundingyourtrades.com,4
Fundingalgo,Non précisé,Non vérifié,,1
FundingRock,CFD / Forex,Active,fundingrock.com,6
Fundings Fund,CFD / Forex,Non vérifié,fundings.fund,1
Fundings4u,Non précisé,Non vérifié,,1
FundingTicks,CFD + Futures,Fermée / signalée,fundingticks.com,9
Fundingticks Futures,Futures,Fermée / signalée,,1
Fundora,CFD / Forex,Active,fundora.com,1
FundoraPro,Non précisé,Non vérifié,,1
Funds For Traders,CFD / Forex,Fermée / signalée,fundsfortraders.com,4
Fundscap,CFD / Forex,Active,fundscap.com,3
FundYourEdge,Futures,Active,,3
FundYourFX,CFD / Forex,Active,"fundyourfx.com, fundyourfx.io",6
Furex Capital,CFD / Forex,Active,furexcapital.com,2
Fury Funded Trader,CFD / Forex,Fermée / signalée,furyfundedtrader.com,1
Fusion Funded,CFD / Forex,Non vérifié,fusionfunded.com,1
FuturesElite,Futures,Active,futureselite.com,15
Fuze Traders,CFD / Forex,Fermée / signalée,fuzetraders.com,3
FX Capital Funding,CFD / Forex,Fermée / signalée,fxcapitalfunding.com,1
FX Corp,CFD / Forex,Non vérifié,fxcorp.com,1
Fx Expert Funded,CFD / Forex,Active,fxexpertfunded.com,1
FX Trader's EDGE,Futures,Active,fxtradersedge.com,1
FX2 Funding,CFD + Futures,Active,fx2funding.com,6
FXC Funded,CFD / Forex,Non vérifié,,2
FXCI,CFD / Forex,Fermée / signalée,fxci.com,2
Fxifty,CFD / Forex,Non vérifié,,1
FXIFY,CFD + Futures,Active,fxify.com,19
FXIFY Futures,Futures,Active,fxifyfutures.com,10
FXRK,CFD / Forex,Active,fxrk.com,2
Gemscend,Non précisé,Fermée / signalée,gemscend.com,1
Genesis Forex Funds,CFD / Forex,Fermée / signalée,genesisforexfunds.com,3
Get Crypto Funded,CFD / Forex,Active,getcryptofunded.com,2
Get Funded Now,CFD / Forex,Active,getfundednow.com,6
Get Funded Pro,Non précisé,Fermée / signalée,,1
Get Leveraged,CFD / Forex,Active,getleveraged.com,1
Giimer,CFD / Forex,Fermée / signalée,giimer.com,3
Global Forex Funds,CFD / Forex,Active,globalforexfunds.com,4
Glow Node,CFD + Futures,Fermée / signalée,"glow-node.com, glownode.com",6
Goat Funded Futures,Futures,Active,goatfundedfutures.com,14
Goat Funded Trader,CFD / Forex,Active,goatfundedtrader.com,17
GoFunding,Non précisé,Non vérifié,,1
Gold Forex Funds,CFD / Forex,Fermée / signalée,,1
Gold Funding,CFD / Forex,Non vérifié,,1
GoldenPipFx,CFD / Forex,Non vérifié,,1
Gooey Trade,Futures,Active,,2
Great Point Capital,CFD / Forex,Non vérifié,,1
Grupo MIDE,Futures,Active,grupomide.com.br,1
Gry Funding,CFD / Forex,Fermée / signalée,gryfunding.com,3
Guardeer Funding,Non précisé,Non vérifié,,1
H Funds,Non précisé,Fermée / signalée,,2
Halcyon Trader Funding,CFD + Futures,Active,halcyontraderfunding.com,10
Hantec Trader,CFD / Forex,Active,"hantectrader.com, htrader.hmarkets.com",7
Happy Gold,CFD / Forex,Fermée / signalée,,1
Hash Hedge,CFD / Forex,Active,hashhedge.com,3
Hawkish Fundings,Non précisé,Non vérifié,,1
Helios,Futures,Non vérifié,helios.trade,1
Hex Funded,CFD / Forex,Non vérifié,,1
Hexa Prop,CFD / Forex,Fermée / signalée,,1
HF Crypto (HFM),CFD / Forex,Active,hfm.com,2
High Roller Funding,CFD / Forex,Fermée / signalée,"highrollerfunding.co.uk, highrollerfunding.com",2
Hindustan Funded,CFD / Forex,Active,hindustanfunded.com,1
Hola Prime,CFD + Futures,Active,holaprime.com,17
Hola Prime Futures,Futures,Active,holaprime.com,7
Hoorah,CFD / Forex,Fermée / signalée,"hoorah.com, hoorah.trade",2
Horizon Peak Capital,CFD / Forex,Active,,1
House Of Leverage,CFD / Forex,Fermée / signalée,houseofleverage.com,2
Htrader,CFD / Forex,Non vérifié,htrader.com,1
Humble Futures (Humble Funding),Futures,Active,humblefunding.com,1
Humble Futures Funding,Futures,Active,humblefunding.com,2
HUMBPROP,CFD / Forex,Non vérifié,,1
Hydra Crypto,CFD / Forex,Non vérifié,,1
Hydra Funding,CFD + Futures,Active,hydrafunding.io,8
Hydra Futures,Futures,Non vérifié,,1
Hyper Funding,CFD / Forex,Non vérifié,,1
HyperPNL,CFD / Forex,Non vérifié,,2
Hyperticks,Futures,Non vérifié,,1
HyroTrader,CFD / Forex,Active,hyrotrader.com,9
IbexPeakFuturesTrading,Futures,Non vérifié,,1
IC Funded,CFD / Forex,Active,icfunded.com,10
ICT Prop,CFD / Forex,Fermée / signalée,ictprop.com,2
IF Crypto,CFD / Forex,Non vérifié,,1
Ifunds,CFD / Forex,Active,ifunds.io,11
IFundTrades,Futures,Active,ifundtrades.com,1
IFX Traders,CFD / Forex,Non vérifié,ifxtraders.com,1
Impact Trader,CFD / Forex,Fermée / signalée,impacttrader.com,2
Imperial Trader Funding,CFD + Futures,Active,imperialtraderfunding.com,4
ImperialFunding,Futures,Non vérifié,imperialtraderfunding.com,1
Impulse World,CFD / Forex,Active,impulseworld.pro,2
IncubatorTrading,Futures,Non vérifié,,1
Indigo Trader Funding,CFD / Forex,Fermée / signalée,indigotraderfunding.com,3
Infinity Forex Funds,CFD / Forex,Fermée / signalée,infinityforexfunds.com,3
Infinity Mesa,Futures,Non vérifié,infinitymesa.com.br,1
Innovated Funded,CFD / Forex,Fermée / signalée,innovatedfunded.com,3
Inspire Funding,CFD / Forex,Fermée / signalée,inspire-funding.com,2
Instant Funded Trader,CFD / Forex,Fermée / signalée,theinstantfundedtrader.com,2
Instant Funding,CFD + Futures,Active,"instantfunding.com, instantfunding.io",13
Instant Funding Pakistan,CFD / Forex,Non vérifié,instantfunding-pakistan.com,1
Institutional Funding,Non précisé,Non vérifié,,1
Integra Trade,CFD + Futures,Non vérifié,,1
Interstellar Group (FISG) Prop,CFD / Forex,Non vérifié,fisg.com,1
Investiqa,CFD / Forex,Active,investiqa.com,1
Invlyft,CFD / Forex,Fermée / signalée,invlyft.com,3
IQ Capital,CFD + Futures,Active,iqcapital.io,9
Jasper FOREX,CFD / Forex,Fermée / signalée,jasperforex.com,2
JoinX Capital,CFD / Forex,Active,joinxcapital.com,2
Karma Prop Traders,CFD / Forex,Fermée / signalée,karmaproptraders.com,4
Key to Prop,Non précisé,Non vérifié,,1
Keyzone Traders,CFD / Forex,Non vérifié,keyzonetraders.com,1
KHRUSOS Capital Group,CFD / Forex,Fermée / signalée,"khrusos.com, khrusoscapital.com",2
Kickstart Trading,CFD / Forex,Active,kickstarttrading.com,1
Kingdom Wealth Funding,CFD / Forex,Active,kingdomwealthfunding.com,1
Klein Funding,CFD / Forex,Active,kleinfunding.com,3
Klein Funding Crypto,CFD / Forex,Non vérifié,,1
Kortana,Non précisé,Non vérifié,,1
Kortana FX,CFD / Forex,Fermée / signalée,kortanafx.com,1
Kraken Funded,CFD / Forex,Active,kraken.com,1
Kraken Prop,CFD / Forex,Active,kraken.com,3
Kript Capital,CFD / Forex,Active,kriptcapital.com,1
Kubera Markets,CFD / Forex,Non vérifié,kuberamarkets.com,1
KudoTrade Prop,CFD / Forex,Active,kudotrade.com,1
Kwakol Markets,Non précisé,Non vérifié,,1
Lark Funding,CFD + Futures,Active,larkfunding.com,10
Leeloo Trading,CFD + Futures,Active,leelootrading.com,12
Legacy Funded Futures,Futures,Active,"legacyfundedfutures.com, propfirmmap.com",3
Legends Trading,CFD + Futures,Active,"legendstrading.com, thelegendstrading.com",11
LegionFunding,CFD / Forex,Active,legionfunding.com,2
LevaFX,CFD / Forex,Non vérifié,,1
Leveled Up Society,CFD / Forex,Fermée / signalée,leveledupsociety.com,3
Levels Funding,CFD / Forex,Active,levels-funding.com,2
Leveraged,CFD / Forex,Active,getleveraged.com,5
Leveraged Crypto,CFD / Forex,Active,,1
Liberty Market Investment,Futures,Active,,2
LifeUp Trading,CFD + Futures,Active,lifeuptrading.com,5
Limitless Funding,CFD / Forex,Fermée / signalée,"limitlessfunding.com, limitlessfunding.io",3
Lion Funded,CFD / Forex,Fermée / signalée,lionfunded.com,2
Lion Heart Funding,CFD / Forex,Active,"lionheartfunding.com, lionheartfundingprogram.com",4
Living Off 4X,CFD / Forex,Fermée / signalée,lo4x.com,1
LivoxCapital,CFD + Futures,Active,,4
Lucid Direct,Non précisé,Active,luciddirect.com,1
Lucid Trading,CFD + Futures,Active,lucidtrading.com,17
Lux Trading Firm,CFD / Forex,Active,luxtradingfirm.com,12
LVL Trading,Futures,Active,lvltrading.com.br,1
MacPro,Futures,Active,,2
Mainet Funded,CFD / Forex,Active,mainetfunded.com,3
Mara Futures Fund,Futures,Non vérifié,,1
Market Mates,CFD / Forex,Active,marketmates.com,1
Market Rush,CFD / Forex,Active,marketrush.in,1
MasterFunders,CFD / Forex,Non vérifié,,3
Maven Trading,CFD / Forex,Active,maventrading.com,17
Maverick Trading,CFD / Forex,Active,mavericktrading.com,2
Mega Funded,CFD / Forex,Fermée / signalée,getmegafunded.com,2
MegaTrader,Futures,Active,megatrader.io,1
Mena Funding,CFD / Forex,Fermée / signalée,menafunding.com,3
Ment Funding,CFD + Futures,Active,mentfunding.com,13
Ment Funding Futures,Futures,Active,mentfunding.com,1
MES Capital,Futures,Non vérifié,,1
MFA Traders,CFD / Forex,Active,myfundingaccount.com,4
MFunded (MarketsVox),CFD / Forex,Active,mfunded.com,1
MiFunder,CFD / Forex,Fermée / signalée,mifunder.com,3
MILTRADERS,CFD + Futures,Active,miltraders.com,3
Mockapital,CFD / Forex,Active,mockapital.com,2
Moneta Funded,CFD / Forex,Active,monetafunded.com,9
Monevis,CFD / Forex,Active,monevis.com,4
MPFunds,Non précisé,Fermée / signalée,mpfunds.com,1
Msolutions,CFD / Forex,Fermée / signalée,"msolutionff.com, msolutions.com",3
Mubite,CFD / Forex,Active,mubite.com,4
Multiplique,Futures,Non vérifié,multiplique.com.br,1
Multiverse Funding,CFD / Forex,Fermée / signalée,multiverse-funding.com,1
MV Funded,CFD / Forex,Active,mvfunded.com,2
My Crypto Funding,CFD / Forex,Fermée / signalée,"mycryptofunding.com, mycryptofunding.org",5
My Forex Funds,CFD / Forex,Fermée / signalée,myforexfunds.com,7
My Funded Futures,Futures,Active,myfundedfutures.com,19
My Funding Account,CFD / Forex,Non vérifié,,1
My Trading Firm,Non précisé,Non vérifié,,1
MyFlashFunding,CFD / Forex,Fermée / signalée,myflashfunding.com,4
Myfundedcapital,CFD / Forex,Active,myfundedcapital.com,8
MyFundedFutures Crypto,CFD / Forex,Non vérifié,,1
MyFundedFX,CFD / Forex,Fermée / signalée,myfundedfx.com,5
MyFundedPerps (Funding Perpetuals),CFD / Forex,Active,myfundedperps.com,1
MyFxCapital,CFD / Forex,Non vérifié,,1
NairaFunded,CFD / Forex,Active,nairafunded.com,1
NairaProp,CFD / Forex,Active,nairaprop.com,1
Nations Trading,CFD / Forex,Fermée / signalée,nationstrading.com,2
Nebula Funding,Non précisé,Non vérifié,,1
NEG Markets,Non précisé,Non vérifié,,1
NEOM Funded,CFD / Forex,Active,neomaaa.com,2
NeomAAA Funds,CFD / Forex,Active,"neomaaa.com, neomaaafunds.com",3
Neura Elite,Non précisé,Non vérifié,,1
NeuroStreet,Futures,Non vérifié,,1
New Era Globe Markets,CFD / Forex,Fermée / signalée,"negmarkets.com, neweraglobemarkets.com",2
Nexgen,Non précisé,Active,nexgenprotraderfunding.com,1
Nexgen Futures Trader,Futures,Fermée / signalée,nexgenfuturestrader.com,3
Nexgen ProTrader Funding,CFD + Futures,Active,"nexgenfutures.com, nexgenprotraderfunding.com",10
Next Level Funded,CFD / Forex,Active,nextlevelfunded.com,3
Next Level Funding,CFD / Forex,Fermée / signalée,nextlevelfunding.co.uk,2
Next Step Funded,CFD / Forex,Fermée / signalée,nextstepfunded.com,3
nextfunded,Non précisé,Non vérifié,,1
NextGen Funding,CFD / Forex,Non vérifié,,1
Nextproptrader,CFD + Futures,Active,nextproptrader.com,6
Nexus Funding,Non précisé,Non vérifié,,1
Nexusxfund,Non précisé,Non vérifié,,1
Noctorial,CFD / Forex,Non vérifié,,2
Nordic Funder,CFD / Forex,Active,nordicfunder.com,6
Nostro,CFD / Forex,Fermée / signalée,landing.nostro.co,2
Nova Forex,CFD / Forex,Non vérifié,nova-forex.com,1
Nova Funded,CFD / Forex,Active,novafunded.com,2
Nova Funding,CFD / Forex,Active,"nova-funding.com, novafunding.com",3
Novus Trader,CFD / Forex,Fermée / signalée,novustrader.com,2
NowTradeFunded,CFD / Forex,Active,nowtradefunded.com,3
NX Funded (FXNX),CFD / Forex,Active,fxnx.com,1
NYS Markets,CFD / Forex,Active,nysmarkets.com,3
OANDA Prop Trader,CFD / Forex,Fermée / signalée,"oanda.com, proptrader.oanda.com",5
Ofp,CFD / Forex,Active,ofpfunding.com,10
OFunded,CFD / Forex,Non vérifié,,2
Olbios Markets,Non précisé,Non vérifié,,1
One Traders Funding,CFD / Forex,Non vérifié,,1
One Trading Brasil,Futures,Active,onetradingbrasil.com.br,1
OneFunded,CFD / Forex,Active,"affiliates.onefunded.com, onefunded.com",11
OneStopProp,CFD / Forex,Active,onestopprop.com,4
OneUp Trader,CFD + Futures,Active,"mavericktrading.com, oneuptrader.com",12
OnlyFunds,CFD / Forex,Fermée / signalée,only-funds.com,2
Onyx Futures,Futures,Active,onyx-futures.com,3
Optimal Traders,CFD / Forex,Fermée / signalée,"optimal-traders.com, optimaltraders.com",3
Options Funding,CFD / Forex,Active,optionsfunding.co,1
Origin FX,CFD / Forex,Active,originfx.com,1
Orion Funded,CFD / Forex,Active,orionfunded.com,6
OspreyFX Prop,CFD / Forex,Fermée / signalée,ospreyfx.com,3
Overfunded,Non précisé,Non vérifié,,1
P1 Futures,Futures,Active,p1futures.com,3
Paid To Trade,CFD / Forex,Non vérifié,,3
PaidPex,CFD / Forex,Active,paidpex.com,2
Pak Funded Trader,CFD / Forex,Active,pakfundedtrader.com,1
Paradise Capital,CFD / Forex,Fermée / signalée,paradisecapital.ai,2
Percentage Profit,Non précisé,Non vérifié,,1
Phidias Propfirm,CFD + Futures,Active,phidiaspropfirm.com,17
Phinaq Forex Funds,CFD / Forex,Fermée / signalée,phinaqforexfunds.com,1
Phoenix Trader Funding,CFD + Futures,Active,phoenixtraderfunding.com,9
Pickfunded,Non précisé,Non vérifié,,1
PineX Capital,CFD / Forex,Active,pinexcapital.com,5
Pinnacle Trader Fx,CFD / Forex,Fermée / signalée,pinnacletraderfx.com,2
Pip Traders Funding,CFD / Forex,Fermée / signalée,piptradersfunding.com,2
Pipcy,CFD / Forex,Active,pipcy.com,3
PipFarm,CFD / Forex,Active,pipfarm.com,12
PipsFunding (formerly MatrisXCapital),CFD / Forex,Non vérifié,,1
Pipster,CFD / Forex,Active,pipster.io,3
Pipstone Capital,CFD / Forex,Active,pipstonecapital.com,4
PitBullTraders,Futures,Active,,2
Pivex Funded,CFD / Forex,Active,pivexfunded.com,3
PJCapital,Futures,Active,,2
Plutus Trade Base,CFD / Forex,Active,plutustradebase.com,5
Point Blank Capital,Non précisé,Non vérifié,,1
PointZero Trading,CFD / Forex,Active,"pointzero-trading.com, pointzerotrading.com",2
Precision Funding,Non précisé,Non vérifié,,1
Prime Time Funding,Non précisé,Fermée / signalée,primetimefundingdashboard.propaccount.com,1
Pro Trade Funded,Non précisé,Non vérifié,,1
Pro Trader Fund,CFD / Forex,Fermée / signalée,protraderfund.com,1
Pro Trader Funding,CFD / Forex,Non vérifié,protraderfund.com,1
Pro Traders Fund,CFD / Forex,Active,"app.protradersfund.com, protradersfund.com",4
ProjectX (Topstep),Futures,Active,projectx.com,1
Proop,CFD / Forex,Active,proop.com,1
Prop Capital,CFD / Forex,Fermée / signalée,propcapital.co,2
Prop Firm Capital,CFD / Forex,Non vérifié,propfirmcapital.com,1
Prop Firm One,CFD / Forex,Non vérifié,propfirmone.com,1
Prop Funders,Non précisé,Non vérifié,,1
Prop Nimbus,CFD / Forex,Fermée / signalée,,2
Prop Number One,CFD / Forex,Contesté,propnumberone.com,4
Prop Trading Hub,CFD / Forex,Non vérifié,proptradinghub.com,1
PROP365,CFD / Forex,Non vérifié,prop365.com,1
Propanium,CFD / Forex,Active,propanium.com,3
PropEd Capital,CFD + Futures,Active,propedcapital.com,4
propel Capital Group,CFD / Forex,Fermée / signalée,"propelcapital.com, propelcapitalgroup.co.uk",3
PropFirm X,CFD / Forex,Non vérifié,propfirmx.com,1
PropFirm.global,CFD / Forex,Active,propfirm.global,1
PropFunded,CFD / Forex,Non vérifié,,2
PropFunding,Futures,Active,propfunding.com,1
PropHelix,CFD / Forex,Non vérifié,,1
Propips,Non précisé,Non vérifié,,1
Propiy,CFD / Forex,Active,propiy.com,1
PropMarket,CFD / Forex,Non vérifié,,1
Proppers,CFD / Forex,Active,proppers.io,2
Propr,CFD / Forex,Active,"propr.com, propr.xyz",5
PropShopTrader,CFD + Futures,Active,propshoptrader.com,9
PropTradersHub,CFD / Forex,Non vérifié,proptradershub.com,1
PropTradeZone,Non précisé,Non vérifié,,1
PropW,CFD / Forex,Active,propw.com,5
Propxp,CFD / Forex,Active,propxp.com,7
Purdia Capital,CFD + Futures,Active,purdia.com,11
Purdia LFA,Futures,Active,purdia.com,1
Pure Prop Trader Funding,Non précisé,Fermée / signalée,,1
Purple Trading,CFD / Forex,Non vérifié,,1
Purple Trading Futures,Futures,Non vérifié,purple-trading.com,1
QT Funded,CFD + Futures,Active,"qtfunded.com, qtfunded.quanttekel.com",7
QT Futures,Futures,Active,qtfunded.com,2
Quant Funded,Non précisé,Non vérifié,,1
Quant Tekel (Ascendx),CFD / Forex,Active,quanttekel.com,3
Quantec Trading Capital,CFD / Forex,Fermée / signalée,quantectrading.com,2
Quantum Funding,CFD / Forex,Non vérifié,,3
Quicktrade Capital,Non précisé,Non vérifié,,1
R u The 1,CFD / Forex,Fermée / signalée,ruthe1.com,2
Raise My Funds,CFD / Forex,Active,raisemyfunds.co,3
Real Funded,Non précisé,Non vérifié,,1
Real Funding Trading FX,CFD / Forex,Non vérifié,,1
Real Funds Trader,CFD / Forex,Fermée / signalée,realfundstrader.com,3
Real Prop Funding,Non précisé,Non vérifié,,1
Real Trader Fund,CFD / Forex,Active,realtraderfund.com,2
RebelsFunding,CFD / Forex,Active,rebelsfunding.com,8
Recession Proof Funds,Non précisé,Non vérifié,,1
Redline Futures Funding,Futures,Active,redlinefuturesfunding.com,4
Redline Futures Trading,Futures,Active,redlinefutures.com,1
Relentless,Non précisé,Non vérifié,,1
Renkoprop,Futures,Active,renkoprop.com.br,1
Rev One Trading,CFD + Futures,Fermée / signalée,"revone.com, revonetrading.com",4
Rhodium FX,CFD / Forex,Non vérifié,,2
Rocket21,CFD / Forex,Fermée / signalée,rocket21challenge.com,2
Ryze Funding,CFD / Forex,Fermée / signalée,"ryze.trading, ryzefunding.com",3
SabioTrade,CFD / Forex,Active,sabiotrade.com,8
SACT Vietnam Trader Fund,Futures,Active,sact.vn,1
Sakinnah Capital,CFD / Forex,Active,sakinnahcapital.com,1
Samuel  Co.,Non précisé,Fermée / signalée,,1
Savius,CFD + Futures,Active,"savius.com, saviusllc.com",12
Savvy Trader,Non précisé,Non vérifié,,1
Seacrest Markets,CFD / Forex,Fermée / signalée,"myfundedfx.com, seacrestfunded.com",9
Secure The Bag,Non précisé,Non vérifié,,1
Seven Go Funding,CFD / Forex,Active,sevengofunding.com,1
SFX Funded,CFD / Forex,Active,sfxfunded.com,9
Shark Funded,CFD / Forex,Active,sharkfunded.com,4
Shark Futures,Futures,Active,sharkfutures.com,7
SI World (Stocknet Institute),CFD / Forex,Fermée / signalée,siworld.com,1
Sieg Fund,CFD / Forex,Active,siegfund.com,1
SiegPath,CFD / Forex,Non vérifié,,1
SIG Mesa Proprietária,Futures,Non vérifié,sigmesa.com.br,1
SizeProp,CFD / Forex,Active,sizeprop.com,3
Skill or Talent,Non précisé,Non vérifié,,1
Skilled Funded Traders,CFD / Forex,Fermée / signalée,skilledfundedtraders.com,3
Skilled Funding,CFD / Forex,Active,skilledfunding.com,1
Slay Markets,Futures,Active,slaymarkets.com,1
Smart Prop Trader,CFD / Forex,Fermée / signalée,smartproptrader.com,6
SMB Capital,CFD / Forex,Active,smbtraining.com,2
Soar Funding,CFD / Forex,Fermée / signalée,"soar-funding.com, soarfunding.com",2
Social trading club,Non précisé,Non vérifié,,1
Solana Funded,CFD / Forex,Non vérifié,,1
Solo Clash,CFD / Forex,Fermée / signalée,,2
Space Funded,CFD / Forex,Non vérifié,,2
Speed Funded Traders,CFD / Forex,Fermée / signalée,speedfundedtraders.com,3
Speedup Trader,CFD / Forex,Fermée / signalée,,1
Spiceprop,CFD / Forex,Active,spiceprop.com,8
Starter Prop Trader,CFD / Forex,Fermée / signalée,starterproptrader.com,1
StartUpTrader,Futures,Non vérifié,,1
Stealth Trader,Non précisé,Fermée / signalée,,1
Stocknet Institute,CFD / Forex,Fermée / signalée,stocknetinstitute.com,3
Stockstrading Fund,CFD / Forex,Fermée / signalée,stockstradingfund.tech,2
Strix Options Funding,CFD / Forex,Non vérifié,strixoptionsfunding.com,1
Success Fund Trader,CFD / Forex,Fermée / signalée,successfundtrader.com,2
Success Prop Trader,CFD / Forex,Active,successproptrader.com,1
Summit Strike Capital,CFD / Forex,Fermée / signalée,"summitstrike.com, summitstrikecapital.com",3
Super Funded,CFD / Forex,Active,superfunded.com,7
Supertrade,CFD / Forex,Active,supertrade.com,2
Sure Leverage Funding,CFD / Forex,Active,"sureleverage.com, sureleveragefunding.com",5
SurgeTrader,CFD / Forex,Fermée / signalée,surgetrader.com,7
Sway Funded,CFD / Forex,Active,swayfunded.com,9
Swift Funding,CFD / Forex,Fermée / signalée,"swiftfunding.com, swiftfunding.io",3
Swing Vip,CFD / Forex,Fermée / signalée,,1
Swiss Firmup,CFD + Futures,Active,swissfirmup.com,5
Syndicate Funded,CFD / Forex,Fermée / signalée,syndicatefunded.com,3
Syntxwiki,CFD / Forex,Active,syntxwiki.com,1
T3 Trading Group,CFD + Futures,Active,t3trading.com,2
T4TCapital,CFD / Forex,Active,t4tcapitalfm.com,1
T4TCAPITALFM,CFD / Forex,Active,t4tcapitalfm.com,3
Tailored Funding,CFD / Forex,Fermée / signalée,,1
Take Capital For Traders,Non précisé,Non vérifié,,1
Take Profit Trader,CFD + Futures,Active,takeprofittrader.com,18
TakeCap FT,CFD / Forex,Active,"takecap.com, takecapft.com",3
Tattvam,CFD / Forex,Non vérifié,tattvam.com,1
Taurus (Taurus Arena),Futures,Active,taurusarena.com,1
Taurus Arena,CFD + Futures,Active,taurusarena.com,7
Taurus Traders,Non précisé,Non vérifié,,1
TC Star Desk,Futures,Non vérifié,tcstardesk.com.br,1
TDL Prop,Futures,Non vérifié,tdlprop.com.br,1
TEFS,CFD / Forex,Active,tefs.com,3
Telos Capital,CFD / Forex,Fermée / signalée,"teloscapital.com, telostraders.com",3
Telostraders,CFD / Forex,Non vérifié,telostraders.com,1
TenacityTrading,Futures,Non vérifié,tenacitytrading.com,1
TenTrade,CFD / Forex,Active,tentrade.com,5
Texaris,CFD / Forex,Non vérifié,,1
TH Traders,Futures,Non vérifié,thtraders.com.br,1
ThaurusGuru,CFD / Forex,Active,thaurusguru.com,1
The Breakout Edge,CFD / Forex,Non vérifié,thebreakoutedge.com,1
The City Traders,CFD / Forex,Fermée / signalée,thecitytraders.com,3
The Concept Trading,CFD / Forex,Active,theconcepttrading.com,6
The Forex Funder,CFD / Forex,Fermée / signalée,theforexfunder.com,4
The Funded FX,CFD / Forex,Active,"fundedfx.com, thefundedfx.com",5
The Funded Lab,Non précisé,Fermée / signalée,thefundedlab.com,2
The Funded Lion,CFD / Forex,Non vérifié,fundedlions.com,1
The Funded Room,CFD / Forex,Fermée / signalée,thefundedroom.com,3
The Funded Talent,Non précisé,Non vérifié,,1
The Funded Trader,CFD / Forex,Fermée / signalée,thefundedtraderprogram.com,13
The Funded Way,CFD / Forex,Active,thefundedway.com,7
The Funding Futures,Futures,Fermée / signalée,"fundingfutures.com, thefundingfutures.com",3
The Funding Kingdom (ex-The Funded Trader),CFD / Forex,Active,thefundingkingdom.com,1
The Futures Desk,Futures,Contesté,thefuturesdesk.com,10
The golden suite,Non précisé,Fermée / signalée,thegoldensuite.com,1
The Leap Finance,Non précisé,Non vérifié,,1
The Nomad Trader,CFD / Forex,Non vérifié,,1
The Peoples Prop,CFD / Forex,Fermée / signalée,"thepeoplesprop.com, thepeoplesprop.io",3
The Prop Firm Traders,CFD / Forex,Non vérifié,thepropfirmtraders.com,1
The Prop Game,CFD / Forex,Active,thepropgame.com,3
The Prop Pit,Non précisé,Non vérifié,,1
The Prop Trading,CFD / Forex,Non vérifié,theproptrading.com,2
The Proven Trader,CFD / Forex,Non vérifié,,1
The Royal Funding,CFD / Forex,Fermée / signalée,theroyalfunding.com,2
The Skilled Trader,Non précisé,Fermée / signalée,theskilledtrader.com,1
The Talented Trader,Non précisé,Non vérifié,,1
The TradeMakers,CFD / Forex,Non vérifié,,1
The Trading Capital,CFD / Forex,Fermée / signalée,thetradingcapital.com,3
The Trading Pit,CFD + Futures,Active,thetradingpit.com,21
The Trading Pit Futures,Futures,Active,thetradingpit.com,2
The Upside Funding,CFD / Forex,Active,theupsidefunding.com,4
The Whale Order,CFD / Forex,Active,thewhaleorder.com,1
The5ers,CFD + Futures,Active,the5ers.com,26
The5ers Crypto,CFD / Forex,Active,the5ers.com,1
The5ers Futures,Futures,Active,the5ers.com,5
TheGreatTrader,Futures,Non vérifié,,1
thePropTrade,CFD / Forex,Active,theproptrade.com,3
Thera funding,Non précisé,Fermée / signalée,,1
Thetradercapital,Non précisé,Non vérifié,,1
ThinkCapital,CFD / Forex,Active,thinkcapital.com,11
ThinkMarkets (ThinkCapital),CFD / Forex,Active,thinkmarkets.com,1
ThorFX,CFD / Forex,Fermée / signalée,thorfx.com,2
ThriveTrading,Futures,Non vérifié,,1
TickTick Trader,Futures,Active,tickticktrader.com,7
TickWise,Futures,Non vérifié,tickwise.com,1
Tiger Funded,CFD / Forex,Active,tigerfunded.com,5
Titan Capital,CFD / Forex,Active,titancapitalmarkets.co.uk,2
Titan Fx Funded,CFD / Forex,Non vérifié,,1
Top One Futures,Futures,Active,toponefutures.com,17
Top One Trader,CFD + Futures,Active,toponetrader.com,11
Top Ten Funding,CFD / Forex,Non vérifié,toptenfunding.com,1
TopFundr,CFD / Forex,Active,topfundr.com,2
Topstep,CFD + Futures,Active,topstep.com,19
TopstepFX,CFD / Forex,Fermée / signalée,topstep.com,1
TopTier Trader,CFD + Futures,Active,toptiertrader.com,5
TopTraderPrime,CFD / Forex,Non vérifié,,2
Tordess,CFD / Forex,Active,tordess.com,2
TPT PRO+ (Take Profit Trader),Futures,Active,takeprofittrader.com,1
Traddoo,CFD + Futures,Active,traddoo.com,6
Trade Amber,CFD / Forex,Fermée / signalée,tradeamber.com,3
Trade in Flow,Futures,Non vérifié,tradeinflow.com.br,1
Trade Out Loud,CFD / Forex,Active,tradeoutloud.com,1
Trade Tech Solutions (white-label provider),CFD / Forex,Active,tradetechsolutions.io,1
Trade The Pool,CFD + Futures,Active,tradethepool.com,14
Trade The Pool Futures,CFD + Futures,Non vérifié,tradethepool.com,1
Trade With GeorgeFX,CFD / Forex,Non vérifié,,1
TradeApp,CFD / Forex,Active,tradeapp.com,3
TradeDay,CFD + Futures,Active,tradeday.com,20
TradeFundrr,CFD + Futures,Active,tradefundrr.com,5
Tradeify,CFD + Futures,Active,tradeify.co,21
Tradeify 247,CFD / Forex,Active,tradeify247.co,5
Tradeify Crypto,CFD / Forex,Active,tradeifycrypto.co,2
Tradeify Futures,Futures,Non vérifié,,1
Tradentry,Futures,Non vérifié,tradentry.com,1
Trader 2B,CFD / Forex,Active,trader2b.com,5
Trader Funder,CFD / Forex,Active,traderfunder.com,2
Trader Funding Program,CFD / Forex,Active,traderfundingprogram.com,1
TraderFundZone,Non précisé,Non vérifié,,1
Traders Central,CFD / Forex,Fermée / signalée,,1
Traders Eco,CFD / Forex,Fermée / signalée,traderseco.com,2
Traders Funding,CFD / Forex,Non vérifié,piptradersfunding.com,1
Traders Launch,CFD + Futures,Active,traderslaunch.com,13
Traders Support Funds,Non précisé,Non vérifié,,1
Traders With Edge,CFD + Futures,Contesté,traderswithedge.com,5
Traders4Traders,CFD / Forex,Fermée / signalée,traders4traders.com,2
Traderscale,CFD / Forex,Active,traderscale.com,2
TradersCombat,CFD / Forex,Non vérifié,traderscombat.com,1
TradersEdgeFX,CFD / Forex,Active,tradersedgefx.com,3
Traderseed,CFD / Forex,Non vérifié,traderseed.com,1
TradersFlow,Non précisé,Non vérifié,,1
Tradersyard,CFD + Futures,Active,tradersyard.com,7
TradeSea,Futures,Active,tradesea.com,1
TradexMastery,CFD / Forex,Active,tradexmastery.com,2
Tradexprop,CFD / Forex,Active,"tradexprop.com, tradexpropdashboard.propaccount.com",12
Tradiac,CFD / Forex,Fermée / signalée,tradiac.com,3
Tradicave,CFD / Forex,Fermée / signalée,tradicave.com,2
Trading Cult,CFD / Forex,Non vérifié,tradingcult.com,2
Trading Funds,CFD / Forex,Active,tradingfunds.com,6
TradingBattlefield,Futures,Non vérifié,,1
TradingFactoryPro,Futures,Non vérifié,,1
TradingPLUS,Non précisé,Non vérifié,,1
TradingRevolution,Futures,Non vérifié,,1
Tradurz,Futures,Non vérifié,,1
Tranqulity Traders,CFD / Forex,Active,tranquilitytraders.com,2
TribeFunded,Non précisé,Fermée / signalée,,2
TrioFunded,CFD / Forex,Active,triofunded.com,1
True Forex Funds,CFD / Forex,Fermée / signalée,trueforexfunds.com,10
TruFunder,Non précisé,Non vérifié,,1
Trusted Prop Funds,CFD / Forex,Fermée / signalée,trustedpropfunds.com,1
TTH Funding,Non précisé,Fermée / signalée,,1
TTT Markets,CFD / Forex,Active,tttmarkets.com,4
Turbo Trade Fund,CFD / Forex,Active,"turbotrade.fund, turbotradefund.com",3
Turbotrade,CFD / Forex,Non vérifié,turbotrade.fund,1
TX3 Funding,CFD + Futures,Active,tx3funding.com,9
TX3 Futures,Futures,Active,"tx3funding.com, tx3funding.tech",6
Tycoon Funded,CFD / Forex,Fermée / signalée,"tf.masadamarkets.com, tycoonfunded.com",2
UFunded,Non précisé,Non vérifié,,1
Ultimate Traders,CFD / Forex,Active,ultimatetraders.com,3
UltraCap Trading,CFD / Forex,Fermée / signalée,ultracaptrading.com,3
Uni Virtual Funding,Non précisé,Non vérifié,,1
Union Funded Capital,CFD / Forex,Fermée / signalée,unionfundedcapital.com,2
Union Wealths Management,CFD / Forex,Fermée / signalée,unionwealthmanagement.com,2
Upcomers,CFD / Forex,Active,upcomers.com,6
Upcomers Futures,CFD + Futures,Active,upcomers.com,3
UProfit,CFD + Futures,Active,"uprofit.com, uprofittrader.com",12
UpropFirm,Futures,Active,,2
Upscale,CFD / Forex,Active,"app.upscale.trade, upscale.com",4
URFX,CFD / Forex,Non vérifié,,1
Utrust,CFD / Forex,Fermée / signalée,,1
UWM Trading,CFD / Forex,Fermée / signalée,unionwealthsmanagement.com,1
V Prop Trader,Non précisé,Non vérifié,,1
Vanquish Trader,CFD / Forex,Active,"vanquishtrader.co, vanquishtrader.com",5
Vanta Trading,CFD + Futures,Active,"vantatrading.com, vantatrading.io",5
Vantage Elite Traders,CFD / Forex,Active,"vantageelitetraders.com, vantagemarkets.com",3
Vantage Funding FX,CFD / Forex,Non vérifié,,1
Vault Funder,CFD / Forex,Active,vaultfunder.trade,2
Vebson,Non précisé,Non vérifié,,1
Veilon Trading,CFD / Forex,Non vérifié,,1
Velotrade,CFD + Futures,Active,velotrade.com,6
Verbasa,Futures,Non vérifié,verbasa.com.br,1
Vertex Funding,CFD + Futures,Active,"vertexforexfunds.com, vertexfunding.co.uk",5
Vest Markets,CFD / Forex,Active,vestmarkets.com,1
Vision Star Trades,Non précisé,Non vérifié,,1
Vision Trade Futures,Futures,Active,visiontradefutures.com,2
Vital Markets,CFD / Forex,Fermée / signalée,prop.vitalmarkets.com,2
VJCapital,Futures,Non vérifié,,1
Volumetrica Trading (platform),Futures,Active,volumetrica.com,1
Waka Funding,CFD / Forex,Fermée / signalée,wakafunding.com,2
Wall Street Funded,CFD / Forex,Active,wsfunded.com,6
WarBux,CFD / Forex,Active,warbuxbtc.com,2
We Copy Trade,CFD / Forex,Active,"wecopytrade.com, wmt.wecopytrade.com",2
we Fund Traders,CFD / Forex,Active,wefundtraders.co.uk,1
We Fund You Trade,CFD / Forex,Active,wfyt.com,5
WeFund,CFD / Forex,Fermée / signalée,we-fund.com,2
WeGetFunded,CFD / Forex,Fermée / signalée,wegetfunded.com,5
WeMasterTrade,CFD / Forex,Active,wemastertrade.com,5
WenCrypto,CFD / Forex,Active,wencrypto.com,4
WeYouCapital,Futures,Non vérifié,,1
Wfunded,CFD / Forex,Active,wfunded.io,2
WildFunded,Futures,Active,wildfunded.com,2
Willis capital,CFD / Forex,Fermée / signalée,williscapitals.com,2
Winbance,CFD + Futures,Active,winbance.com,5
Windlu,CFD / Forex,Fermée / signalée,,3
Winvesting,Futures,Non vérifié,winvesting.com.br,1
WM Manhattan,Futures,Active,wmmanhattan.com.br,1
WokeFX,CFD / Forex,Non vérifié,wokefx.com,1
WSFunded,CFD / Forex,Active,wsfunded.com,3
X Prop Trading,Futures,Active,xproptrading.com.br,1
Xfunded,CFD / Forex,Non vérifié,,1
XLTrade,CFD / Forex,Active,"xltrade.com, xltrade.net",4
Xnss Funds,Non précisé,Non vérifié,,1
Xpert Funding,CFD / Forex,Active,"xpertfunding.com, xpertfunding.pro",2
XPIPS,CFD / Forex,Active,xpips.com,3
XVXT,Non précisé,Non vérifié,,1
Ylos Trading,CFD + Futures,Active,ylostrading.com,6
YouTrade,Non précisé,Non vérifié,,1
YRM Prop,CFD + Futures,Active,yrmprop.com,9
Zenit Funding,CFD + Futures,Active,zenitfunding.com,4
Zeno Traders,CFD / Forex,Active,zenotraders.com,2
Zero7 Tesouraria,Futures,Active,zero7.com.br,1
